UNIQUE_ID,Term,College ID,Age,CAS CAA English SUM 1,CAS CAA Foreign Language 1 SUM 1,CAS CAA Foreign Language 2 SUM 1,CAS CAA Math SUM 1,CAS CAA Performing Arts SUM 1,CAS CAA Science SUM 1,CAS CAA Social Studies SUM 1,CAS College Admissions Avg (CAA) SUM 1,CAS HS  Units English SUM 1,CAS HS Units Foreign Language 1 SUM 1,CAS HS Units Foreign Language 2 SUM 1,CAS HS Units Math SUM 1,CAS HS Units Performing Arts SUM 1,CAS HS Units Science SUM 1,CAS HS Units Social Studies SUM 1,CAS HS Units Total SUM 1,CAS Regents American History,CAS Regents Biology,CAS Regents Chemistry,CAS Regents Common Core Alg1,CAS Regents Common Core Alg2,CAS Regents Common Core Geometry,CAS Regents Earth Science,CAS Regents English,CAS Regents English New,CAS Regents Geometry,CAS Regents Global History,CAS Regents Integ Alg,CAS Regents Marine Science,CAS Regents Math A,CAS Regents Math B,CAS Regents Math Sequential 1,CAS Regents Math Sequential 2,CAS Regents Math Sequential 3,CAS Regents Physics,CAS Regents Trigonometry,CAS SAT Math,CAS SAT Total,CAS SAT Verbal,CAS SAT Writing,CS Total Income Amt SUM,College Program Title,Credits Cumulative Earned Local Perf,Credits Cumulative Earned Local Show,Credits Cumulative Earned Other Perf,Credits Cumulative Earned Other Show,Credits Cumulative Earned Total Perf,Credits Cumulative Earned Total Show,Credits Cumulative Earned Transfer Perf,Credits Cumulative Earned Transfer Show,Credits Semester Included in GPA Perf SUM,Credits+Hours Semester All Courses Show SUM,Credits+Hours Semester Completed Perf SUM,Credits+Hours Semester Passed Perf SUM,Cs Fed Efc Amt SUM,Cs Fed Need Base Aid Amt SUM,Cs Fed Unmet Need Amt SUM,Degree Earned Level Desc,Degree Pursued Level Desc,Ethnicity Imputed Group 2 Desc,Exit Math CUNY Test Final Score,Exit Reading CUNY Test Final Score,Exit Writing CUNY Test Final Score,File Name,Full Part Type Desc,GPA Cumulative Perf,GPA Cumulative Show,GPA Semester Perf,Gender Desc,Headcount SUM,Headcount SUM 1,IR Total FA Awd Amt SUM,Initial All SKAT Passed Desc,Initial Math CUNY Test Final Score,Initial Reading ACT Test Final Score,Initial Writing CUNY Test Final Score,Ir Fed Work Study Nb Awd Amt SUM,Ir Student Loans Nb Awd Amt SUM,Ir Total Grants Nb Awd Amt SUM,Major 1 College Program Title,Major 1 NYSED Award 1 Desc,Major 1 NYSED Award 2 Desc,Major 1 NYSED Program Title,NYSED Award Desc,NYSED Program Title,New Student Desc,PELL_AMT_AWD,Pell Flag,SEEK CD Desc,Semester Enrolled Desc,Semester Graduated Desc,TAP Flag,TAP_AMT_AWD,Value Points Semester Perf SUM,Year Enrolled,Year Graduated
86895291462,2011-12-24,3432,23,,2.0,,1.0,4.0,,17.0,60.0,3.0,1.0,1.0,,,4.0,,,73.0,,,,100.0,97.0,71.0,,,8.0,38.0,,74.0,24.0,33.0,81.0,98.0,8.0,,,229.0,1544.0,728.0,,19765,OFFICE AUTOMATION P,2.05,3.05,1.59,2.84,3.76,3.66,1.16,1.66,0.36,40.0,,45.0,2676,1273,1651,,Bachelor's,Other,33,27,50,three.mp3,PART-TIME,3.67,2.49,2.87,Other,3,1,3934,Exempt/Passed All,73,1,20,53,4775,15559,DRAFT & DSGN TECH,,MPA,MEDIA AND COMMUNICATION SCI & DISORDERS,BFA,"LAW, POLICE SCIENCE, AND CRIMINAL JUSTIC",No,1119,No,,Full-Time,Not Graduated,No,3623,1.28,2011,
329172972397,2011-12-24,8776,19,,11.0,,,18.0,,42.0,34.0,,,,4.0,,4.0,,,8.0,52.0,,,43.0,,,,2.0,,37.0,37.0,,1.0,,62.0,17.0,54.0,44.0,12.0,295.0,,,,47324,LIBERAL ARTS-HIST O,2.62,1.6,1.57,1.61,0.31,2.33,0.11,3.68,2.57,43.0,62.0,,4401,1464,42,,Bachelor's,Hispanic,95,22,66,senior.mp3,PART-TIME,2.5,3.55,3.59,Female,5,4,7364,Exempt/Passed All,33,36,15,1918,4892,3347,MICROCOMP SYS/APPL,BA,MPA,EDUCATION ASSOCIATE,BFA,LIB ARTS: SOCIAL SCIENCES & HUMANITIES,Yes,3871,No,Regular,Part-Time,Graduated,Yes,2553,3.55,2017,
394857957933,2011-12-24,2821,20,44.0,,,49.0,87.0,22.0,96.0,19.0,,,1.0,2.0,,4.0,,4.0,,,,96.0,57.0,,63.0,,,43.0,77.0,,48.0,,,64.0,,,69.0,,,,,403.0,37656,AUTO TEHNOLOGY,1.05,1.52,2.33,2.47,2.95,3.41,1.99,1.12,2.36,,49.0,,2095,1594,1180,,Bachelor's,Other,57,58,61,perhaps.mov,FULL-TIME,3.82,3.16,3.92,Male,1,5,5974,Exempt/Passed All,39,13,34,886,12417,9581,NURSING---- MAJOR,UNKNOWN,MS,ENVIRONMENTAL HEALTH SCIENCE,BE,STUDIO ART (24 CREDIT MAJOR),No,3921,Yes,CD Bilingual,Part-Time,Not Graduated,No,1884,1.06,2012,
918819678702,2011-12-24,3450,28,31.0,16.0,,,89.0,,13.0,82.0,,1.0,,4.0,1.0,,,,,,,,28.0,27.0,,85.0,,73.0,,,38.0,,,,51.0,,17.0,,734.0,,640.0,,26019,PROG AND SYSTEMS,2.68,2.66,2.18,2.49,1.59,1.27,2.57,3.15,2.84,,47.0,,1120,1954,1163,,Associate,Hispanic,71,76,47,blue.png,PART-TIME,2.63,2.97,3.91,Female,2,3,7809,Exempt/Passed All,33,4,90,1164,3119,19805,HUMAN SERVICES: MEN,BSED,MS,ACCOUNTANCY,,COMPUTER TECHNOLOGY,No,3141,No,CD Prong I,Full-Time,Not Graduated,Yes,4319,1.67,2014,
287596253067,2011-12-24,8087,20,63.0,,,,,55.0,41.0,13.0,,1.0,1.0,1.0,,1.0,1.0,,,39.0,,83.0,,,,65.0,12.0,18.0,,,,,43.0,83.0,,,12.0,97.0,,,502.0,,12029,BUSINESS ADMINSTRAT,1.48,0.52,2.73,1.65,2.55,2.73,1.01,3.03,0.08,,,,1917,2743,334,,Bachelor's,Hispanic,20,57,47,result.xlsx,PART-TIME,2.25,3.55,3.02,Male,3,3,3332,Exempt/Passed All,16,12,84,1884,4996,8040,EARLY CHILDHOOD/CHI,,,BUSINESS,BE,CRIMINAL JUSTICE,No,2535,No,CD Bilingual,Part-Time,Not Graduated,No,2642,2.77,2013,
722636863421,2011-12-24,3676,26,,,91.0,,9.0,,,,,3.0,3.0,4.0,,1.0,,,62.0,95.0,25.0,,,58.0,82.0,,15.0,,78.0,82.0,71.0,,42.0,52.0,,,,95.0,,1212.0,662.0,,37036,HUMANITIES JUSTICE,1.17,1.45,3.22,3.17,1.81,3.87,2.9,0.08,3.6,,,,2888,3071,828,,Associate,"White, Non-Hispanic",63,22,41,baby.mov,FULL-TIME,3.62,3.67,2.55,Other,4,4,6394,Exempt/Passed All,4,33,27,1154,9616,44,FORENSIC SCIENCE BR,BPS,MA,OFFICE ADMINISTRATION AND TECHNOLOGY,BA,COMPUTER ENGINEERING TECHNOLOGY,Yes,1105,No,CD Prong I,Full-Time,Not Graduated,Yes,2501,1.66,2011,
824072265163,2011-12-24,7147,26,57.0,43.0,97.0,,26.0,13.0,23.0,,,1.0,,4.0,3.0,1.0,,4.0,,100.0,,,,,23.0,9.0,71.0,83.0,30.0,99.0,40.0,14.0,80.0,76.0,46.0,,66.0,86.0,283.0,,,,22584,PHILOSOPHY AA,3.47,0.69,0.39,0.8,3.19,2.14,2.94,2.84,2.47,100.0,93.0,72.0,1012,3223,731,,Associate,Asian,90,35,53,price.csv,PART-TIME,2.61,3.84,2.18,Female,4,2,6562,Not Exempt/Passed All,67,12,63,549,958,18667,UNDECLARED HEALTH N,AA,UNKNOWN,PRE-PHYSICAL THERAPY,BS,LIBERAL ARTS,Yes,3061,No,Regular,Full-Time,Graduated,Yes,1101,3.66,2018,
541954610218,2011-12-24,2736,18,,,95.0,,,,84.0,,,,,,1.0,,3.0,2.0,,33.0,,,56.0,79.0,,71.0,,27.0,,71.0,,52.0,,,,,,29.0,,,,,12482,MICROCOMP SYS/APPL,3.27,2.34,2.31,2.79,2.2,3.82,2.5,3.03,1.79,,,67.0,2404,1518,469,,Associate,Hispanic,79,35,3,what.xlsx,PART-TIME,3.03,3.81,2.85,Male,3,1,6235,Not Exempt/Passed All,58,1,54,1002,8907,7845,STUDIO ART 24CR BA,BPS,,INTERDISCIP LIB ARTS & SCI (WORKER ED),BA,GERONTOLOGICAL STUDIES AND SERVICES,No,3609,No,CD Prong I,Full-Time,Not Graduated,Yes,3590,3.79,2019,
426750757990,2011-12-24,4514,19,79.0,3.0,2.0,,,4.0,,,,,2.0,,1.0,3.0,,3.0,16.0,77.0,,25.0,,30.0,4.0,,,,22.0,23.0,87.0,4.0,38.0,,22.0,14.0,74.0,75.0,,,,267.0,28007,COMMUNICATION STUDI,0.81,2.18,3.26,2.84,3.02,2.99,1.41,3.95,0.27,,,,4369,3305,656,,Bachelor's,"Black, Non-Hispanic",9,90,29,major.webm,PART-TIME,2.23,2.74,2.28,Other,3,2,3658,Exempt/Passed All,46,25,32,143,11451,18569,BUS ADMINISTRATION,BS NURS,UNKNOWN,"SPANISH ""7-12""",B TECH,COMPUTER OPERATIONS,No,2535,Yes,Regular,Part-Time,Not Graduated,Yes,3905,3.55,2016,
333917602510,2011-12-24,4711,27,,12.0,,51.0,,35.0,71.0,,3.0,1.0,1.0,,,3.0,,4.0,,,53.0,27.0,41.0,,,76.0,45.0,15.0,82.0,75.0,,,,,82.0,,,,,982.0,549.0,,12768,CRIMINAL JUSTICE,0.81,2.91,3.67,2.63,0.31,1.65,3.35,1.12,2.51,28.0,35.0,35.0,4870,2891,1515,,Associate,Other,70,70,37,approach.mov,PART-TIME,2.37,2.1,2.01,Other,1,3,6073,Not Exempt/Passed All,32,13,17,1420,9139,10605,THEATER AS,BFA,AAS,STUDIO ART (42 CREDIT MAJOR),BS,COMMUNITY HEALTH,No,2213,No,CD Prong I,Full-Time,Graduated,No,1030,0.91,2012,
540902142131,2011-12-24,1558,26,98.0,2.0,,,,,,74.0,2.0,,,,2.0,4.0,4.0,1.0,,66.0,,,,52.0,,70.0,74.0,52.0,86.0,61.0,,,71.0,,71.0,81.0,,,,,,324.0,33477,STUDIO ART BA,0.62,1.09,1.37,0.16,2.92,3.59,0.8,3.17,3.91,57.0,52.0,52.0,1069,3247,136,,Associate,"White, Non-Hispanic",74,30,7,husband.wav,PART-TIME,2.21,2.86,2.51,Female,1,3,6327,Exempt/Passed All,10,20,98,598,7849,6206,MANAGEMENT,AS,,DIGITAL DESIGN AND ANIMATION,BBA,EDUCATION STUDIES,Yes,2114,No,SEEK,Part-Time,Not Graduated,No,2812,1.03,2013,
262284676945,2011-12-24,7106,23,,51.0,37.0,72.0,,16.0,67.0,97.0,,,,,4.0,,,1.0,,,84.0,67.0,,,,87.0,24.0,,,,,79.0,,,1.0,37.0,24.0,,,1330.0,,,46860,BROADCASTING TECH &,3.96,0.31,3.1,2.13,0.74,0.87,1.27,0.26,1.38,,,,2785,2712,461,,Associate,Hispanic,90,8,24,today.txt,FULL-TIME,2.08,2.64,3.38,Other,5,1,1863,Exempt/Passed All,61,33,21,640,15535,10839,SCIENCE FOR FORENSI,AAS,,GEOLOGY,BE,LIBERAL ARTS AND SCIENCE,Yes,1772,Yes,CD Bilingual,Part-Time,Not Graduated,Yes,4503,0.26,2016,
771869354449,2011-12-24,8147,28,24.0,10.0,,,68.0,,,,3.0,3.0,1.0,,4.0,,3.0,,,,30.0,53.0,91.0,,,,,,76.0,97.0,24.0,8.0,,,,100.0,,29.0,,,,300.0,39030,PARALEGAL STUDIES,3.92,2.86,2.69,1.9,1.63,0.5,0.29,1.32,3.34,71.0,60.0,,4773,1395,604,,Bachelor's,"Black, Non-Hispanic",18,87,27,president.avi,PART-TIME,2.04,3.79,2.71,Male,2,1,3798,Exempt/Passed All,78,26,95,517,9980,1170,UNDECLARED U,B ARCH,,AFRICAN AMERICAN STUDIES,BFA,COMPUTER PROGRAMMING,No,1829,No,,Full-Time,Not Graduated,No,3669,0.86,2020,
973182673065,2011-12-24,4635,26,46.0,,61.0,,11.0,29.0,51.0,,,,,,1.0,4.0,,,48.0,,,9.0,,,,43.0,,,,43.0,68.0,,61.0,,33.0,36.0,,63.0,703.0,1427.0,,770.0,12078,ED ASSOC:BIL CHILD,2.75,0.43,1.58,2.05,2.52,0.32,1.26,3.0,3.02,,79.0,,4759,1230,1009,,Bachelor's,Hispanic,92,98,20,guess.jpg,FULL-TIME,2.86,3.17,2.03,Female,5,4,4206,Exempt/Passed All,76,5,31,1462,382,11955,FOR SCI: MOLECU BIO,BFA,MS,BLACK AND PUERTO RICAN STUDIES,BSED,ACCOUNTING FOR FORENSICS,No,1124,Yes,SEEK,Full-Time,Not Graduated,No,3971,3.76,2016,
946042923508,2011-12-24,8074,22,,,19.0,31.0,20.0,,84.0,,4.0,,,3.0,,3.0,1.0,,12.0,,37.0,74.0,,,,88.0,13.0,,17.0,,,12.0,,52.0,45.0,,,,,970.0,692.0,,17197,NURSING,2.67,2.81,3.37,0.35,3.7,1.47,3.19,0.63,0.8,,43.0,,4783,1028,1866,,Bachelor's,Other,74,22,28,building.csv,PART-TIME,3.49,3.05,2.09,Other,5,3,1983,Not Exempt/Passed All,32,23,87,1132,5927,17158,ROM LANG FR IT SP B,BBA,AAS,DIGITAL ART AND DESIGN,BA,DISABILITY STUDIES,Yes,2971,No,CD Prong I,Full-Time,Not Graduated,Yes,1109,3.0,2019,
757271269790,2011-12-24,6940,27,,73.0,31.0,78.0,1.0,95.0,,,4.0,,,2.0,,1.0,,1.0,,81.0,25.0,,,,,16.0,75.0,43.0,32.0,21.0,86.0,57.0,,70.0,75.0,60.0,,20.0,,1389.0,,,11618,EMERGENCY MED TECH/,2.79,2.32,3.57,2.32,0.62,0.98,0.72,2.03,1.84,,,,1932,4882,1592,,Associate,"Black, Non-Hispanic",1,1,82,quickly.jpeg,PART-TIME,3.26,2.56,3.03,Female,4,3,7721,Exempt/Passed All,9,13,53,1391,19982,15422,PHYS EDUC  EXER SCI,BS NURS,UNKNOWN,SPECIAL EDUCATION AND CHILDHOOD,BFA,PROGRAMMING AND SYSTEMS,Yes,1727,Yes,Regular,Part-Time,Graduated,Yes,3828,1.5,2014,
193087699081,2011-12-24,9002,25,,84.0,,81.0,65.0,,,4.0,,2.0,2.0,4.0,,3.0,,,77.0,,60.0,,5.0,,,11.0,,48.0,,52.0,2.0,,50.0,57.0,,30.0,,96.0,425.0,,,335.0,13183,JOURNALISM & PRINT,3.34,0.78,1.84,1.38,3.22,2.55,0.51,2.82,3.21,58.0,,42.0,2409,4645,447,,Associate,Asian,36,37,55,theory.txt,PART-TIME,2.68,3.45,3.69,Other,5,4,1477,Not Exempt/Passed All,90,0,38,1235,8930,11807,HUMAN SERVICES AAS,UNKNOWN,MA,FRENCH,BS,MEDICAL OFFICE ASSISTANT,No,2518,No,Regular,Part-Time,Not Graduated,No,3476,3.11,2014,
400637109003,2011-12-24,7190,20,24.0,71.0,,,36.0,18.0,7.0,,3.0,,,1.0,,,,,89.0,34.0,35.0,19.0,76.0,55.0,,,44.0,97.0,90.0,68.0,34.0,,,21.0,,87.0,91.0,,,621.0,469.0,,34467,HISTORY (BA),3.85,3.43,1.99,2.55,0.22,1.45,0.33,1.94,1.09,81.0,,,4501,4281,175,,Associate,"White, Non-Hispanic",28,60,11,program.tiff,FULL-TIME,3.32,3.11,3.44,Female,1,2,1609,Not Exempt/Passed All,44,23,51,1412,7141,7876,CHEMISTRY (BS-CLAS),AAS,UNKNOWN,FIRE SCIENCE,BA,EDUCATION ASSOCIATE,Yes,4881,No,CD Prong I,Part-Time,Graduated,No,3015,1.93,2016,
74847341518,2011-12-24,7777,21,59.0,,,40.0,50.0,,,17.0,,,,,,1.0,,4.0,100.0,21.0,41.0,38.0,67.0,,,76.0,26.0,60.0,,,57.0,82.0,90.0,30.0,,45.0,96.0,,,697.0,470.0,,23509,MEDICAL OFFICE ASSS,0.44,0.09,3.0,1.89,2.98,3.75,3.37,3.93,1.58,,56.0,65.0,4305,2110,1078,,Associate,"White, Non-Hispanic",0,42,9,detail.mov,FULL-TIME,3.86,2.7,3.83,Male,5,2,4118,Not Exempt/Passed All,7,29,23,1576,11203,11110,MATHEMATICS BS,B ARCH,MPA,EARTH SCIENCE 7-12,BPS,FIRE AND EMERGENCY SERVICE,Yes,3455,Yes,,Part-Time,Not Graduated,No,3125,3.81,2012,
921976896099,2011-12-24,6688,25,80.0,65.0,54.0,69.0,69.0,61.0,,,,,4.0,1.0,,4.0,,3.0,56.0,42.0,,,,,5.0,77.0,57.0,6.0,59.0,,,,26.0,,,,11.0,,,647.0,442.0,,11284,JOURNALISM (BA),2.7,3.0,0.66,2.53,2.49,2.37,2.27,2.6,3.59,78.0,83.0,80.0,2504,2769,1153,,Associate,"White, Non-Hispanic",92,3,91,newspaper.flac,PART-TIME,3.38,3.89,3.99,Female,2,1,5561,Not Exempt/Passed All,69,12,92,1672,13436,1654,SCI LET & SOCIETY,B TECH,AAS,CRIMINAL JUSTIC,B TECH,LIBARAL ARTS,Yes,4621,Yes,,Part-Time,Graduated,No,2308,0.56,2015,
118438713332,2011-12-24,5718,19,84.0,64.0,,43.0,24.0,10.0,76.0,16.0,1.0,,4.0,,,,3.0,3.0,,66.0,37.0,,,,72.0,,94.0,,,,94.0,26.0,,21.0,,,69.0,20.0,230.0,,,,34665,MEDICAL OFFICE ASSS,3.74,1.48,1.27,1.7,3.58,1.63,0.72,3.82,1.66,,67.0,,3850,3610,920,,Bachelor's,Asian,7,89,13,rest.avi,FULL-TIME,2.09,2.65,3.92,Female,2,5,9364,Not Exempt/Passed All,68,28,8,230,16920,7793,OPHTHALMIC DISPENSI,AAS,AAS,DESIGN,BBA,POLITICAL SCIENCE AND GOV SOCIAL STUDIES,No,3422,No,SEEK,Part-Time,Graduated,No,3738,0.25,2013,
105424213889,2011-12-24,8859,24,,,40.0,,86.0,25.0,92.0,76.0,2.0,2.0,3.0,,,,,3.0,51.0,96.0,77.0,,,,82.0,,,77.0,81.0,20.0,,,24.0,90.0,,29.0,44.0,,,,436.0,,49219,ACCOUNTING BS,3.57,3.22,2.66,3.59,3.62,2.44,1.8,1.8,2.53,,77.0,40.0,1716,4578,1305,,Associate,"White, Non-Hispanic",24,73,95,risk.webm,FULL-TIME,2.36,2.77,2.15,Male,2,4,3979,Exempt/Passed All,0,28,43,605,11581,13985,ANIMATION & MOTION,BSW,AAS,COMPUTER AIDED DRAFTING AND DESIGN TECH,,CREATIVE WRITING,Yes,4130,Yes,CD Bilingual,Part-Time,Graduated,Yes,4694,1.65,2010,
678560654755,2011-12-24,8323,29,,59.0,,74.0,,79.0,,93.0,,4.0,,,4.0,,,1.0,18.0,77.0,,61.0,38.0,,63.0,46.0,,33.0,56.0,,,,,,,7.0,,20.0,,1130.0,,269.0,47245,TRAVL TOUR & HOSPTL,1.61,2.24,0.63,1.73,2.08,0.62,0.82,1.85,2.81,48.0,,46.0,3643,3256,1145,,Associate,Hispanic,79,34,10,close.numbers,FULL-TIME,3.92,2.63,3.62,Other,2,5,9138,Exempt/Passed All,43,3,38,1650,16236,8690,PHYS EDUC  EXER SCI,BSED,MS,COMPUTER SYSTEMS,,BUSINESS ADMIN: INTERNATIONAL BUS,No,4454,Yes,,Part-Time,Not Graduated,No,2180,0.12,2012,
226140108715,2011-12-24,4138,26,,,,66.0,7.0,76.0,,11.0,3.0,,2.0,,,,,,,70.0,,38.0,62.0,41.0,,20.0,78.0,97.0,,74.0,,,,,80.0,91.0,73.0,,,1367.0,,,29347,PUB ADMIN CONC. G B,0.37,3.91,1.5,3.81,1.26,2.9,0.89,1.86,1.4,,,,1668,2954,992,,Bachelor's,Hispanic,58,46,22,moment.flac,PART-TIME,3.29,3.16,3.88,Male,3,1,7868,Not Exempt/Passed All,70,25,33,219,11372,10777,SOCIAL WORK BS,B ARCH,UNKNOWN,ENVIRONMENTAL CONTROL TECHNOLOGY,BFA,SECRETARIAL SCIENCE--MEDICAL,No,1400,Yes,CD Bilingual,Full-Time,Graduated,No,2150,1.77,2018,
452772309239,2011-12-24,5216,20,,,91.0,84.0,,61.0,,,2.0,,2.0,,3.0,,3.0,3.0,,,82.0,41.0,18.0,20.0,,,98.0,49.0,27.0,,27.0,36.0,,,60.0,54.0,,,398.0,1533.0,,205.0,18293,BUS ADMIN MNGMT OPT,0.14,0.38,3.55,3.41,1.23,0.64,2.03,3.48,2.26,67.0,27.0,37.0,4877,1917,219,,Associate,Hispanic,24,21,88,bag.webm,PART-TIME,3.53,2.59,2.36,Other,3,3,9799,Exempt/Passed All,1,17,88,1475,13155,9671,PENDING APPRVL - ED,BSW,AAS,COMPUTER INFO SYS-CRIMINAL JUST&PUB ADMN,BPS,MEDICAL LAB SCI - CLINICAL SCI,No,4206,No,CD Bilingual,Full-Time,Graduated,No,2260,2.43,2010,
277523608988,2011-12-24,1261,27,83.0,,,73.0,14.0,25.0,77.0,71.0,3.0,,4.0,,3.0,3.0,,2.0,43.0,46.0,,53.0,,,43.0,32.0,,9.0,61.0,31.0,,,55.0,,85.0,58.0,65.0,96.0,,1544.0,,258.0,46855,ENVIRONMENTAL CNTRL,2.64,2.35,1.04,2.62,1.74,1.44,3.77,1.99,3.22,,,36.0,3302,2312,1576,,Associate,"White, Non-Hispanic",5,20,79,south.html,PART-TIME,3.49,3.99,3.28,Female,5,5,1338,Not Exempt/Passed All,12,17,68,1085,17618,13994,HLTH/NUTR (BA),BS,MS,RADIOLOGICAL SCIENCE,BPS,RELIGION,No,1115,Yes,CD Bilingual,Part-Time,Not Graduated,Yes,3959,2.57,2018,
967648924491,2011-12-24,2199,21,,3.0,,,44.0,4.0,,,,,,,2.0,3.0,2.0,2.0,,,92.0,,18.0,98.0,,82.0,,,72.0,84.0,,,92.0,20.0,75.0,43.0,55.0,,,,406.0,659.0,23889,THEATRE ARTS AS,0.75,1.3,3.13,0.03,0.11,3.17,0.93,0.6,1.01,90.0,66.0,98.0,3072,2745,688,,Associate,Other,77,52,25,follow.avi,FULL-TIME,2.56,3.51,2.04,Other,5,2,1560,Exempt/Passed All,92,3,45,138,17182,340,SPANISH/ED 7-12,BBA,MPA,CHILDHOOD EDU (GRADES 1-6),BPS,COMMUNICATION,Yes,4882,No,Regular,Full-Time,Graduated,No,3732,1.67,2014,
81945059775,2011-12-24,2431,22,,14.0,,52.0,52.0,29.0,,47.0,,,,3.0,,,1.0,3.0,96.0,,,48.0,39.0,,,,,41.0,73.0,67.0,,64.0,23.0,,,35.0,89.0,41.0,,1316.0,,,31980,COMPUTER NETWORK TE,3.98,0.91,3.84,2.12,0.86,2.14,2.59,2.65,3.11,,,36.0,2100,2384,1888,,Associate,"Black, Non-Hispanic",15,41,25,exist.txt,PART-TIME,3.4,3.55,2.89,Other,2,1,5546,Exempt/Passed All,22,3,4,954,18090,7455,COMPUTER SCIENCE (B,UNKNOWN,MS,PRE-LAW,BA,SURGICAL TECHNOLOGY,No,1377,No,CD Bilingual,Part-Time,Graduated,No,1502,2.1,2014,
297245487219,2011-12-24,2861,22,,94.0,75.0,31.0,,,,,,,,4.0,3.0,,,4.0,21.0,,90.0,71.0,,66.0,79.0,,32.0,83.0,6.0,36.0,,,,,,,,7.0,,1150.0,,,46093,COMPUTER INFO SYSTE,2.84,2.82,1.51,3.88,0.23,1.91,1.03,2.87,3.56,64.0,,99.0,4645,4855,183,,Bachelor's,Hispanic,18,100,97,consumer.webm,PART-TIME,2.63,2.31,3.7,Male,2,4,6060,Exempt/Passed All,96,23,83,786,7475,14895,NURSING QCC BS,B TECH,AAS,CRIMINOLOGY,B TECH,MUSIC,Yes,2829,No,CD Prong I,Part-Time,Graduated,No,2742,0.37,2020,
947564059370,2011-12-24,6098,24,82.0,32.0,,,,69.0,55.0,,4.0,,4.0,,2.0,,4.0,,,14.0,4.0,24.0,89.0,,,,7.0,,,73.0,27.0,,1.0,,59.0,,54.0,56.0,468.0,1511.0,,,28400,OFFICE ADMINIST & T,0.72,2.06,2.54,0.15,2.14,1.86,1.04,0.26,1.51,,46.0,63.0,4592,1517,652,,Bachelor's,Other,99,62,12,during.mp3,FULL-TIME,2.55,3.9,2.78,Male,4,3,1287,Exempt/Passed All,92,1,13,244,17379,14303,AFRICANA/PR/LATINO,BSW,MA,ENGINEERING SCIENCE,UNKNOWN,CHILDHOOD EDUCATION,Yes,1877,No,Regular,Full-Time,Graduated,Yes,3522,1.67,2012,
497590492942,2011-12-24,1063,29,68.0,,,39.0,91.0,13.0,,76.0,3.0,4.0,,,,,,,,,,,,,,,,67.0,28.0,,,,59.0,66.0,16.0,39.0,,,468.0,,,,47234,CHILD DEVELOPMENT,0.06,3.9,1.56,0.34,3.85,0.62,3.72,2.33,3.68,16.0,81.0,,2931,3388,558,,Associate,"White, Non-Hispanic",63,14,82,way.mp4,PART-TIME,2.79,2.31,2.75,Female,1,2,4115,Exempt/Passed All,97,24,22,1790,9248,14308,OFFICE ADMIN & TECH,BFA,MS,OFFICE AUTOMATION,UNKNOWN,TELEVISION AND RADIO,Yes,1601,Yes,,Part-Time,Not Graduated,Yes,3254,2.1,2015,
920039338208,2011-12-24,7494,23,31.0,4.0,,53.0,98.0,23.0,85.0,36.0,,,,2.0,4.0,4.0,4.0,2.0,,,73.0,,38.0,,100.0,7.0,61.0,34.0,2.0,,14.0,,75.0,41.0,,,67.0,,,,497.0,,30091,BROADCASTING TECH,2.83,0.09,2.96,0.44,0.7,3.12,3.13,0.28,3.91,,,,2976,2282,834,,Bachelor's,"Black, Non-Hispanic",5,81,17,miss.ods,FULL-TIME,2.17,2.79,2.74,Other,4,3,3117,Not Exempt/Passed All,89,34,33,887,8006,35,MORTUARY SCIENCE,BPS,UNKNOWN,AFRO AMERICAN STUDIES,BSED,CRIMINAL JUSTICE ADMINISTRATION AND PLAN,No,4790,Yes,CD Prong I,Full-Time,Graduated,Yes,2002,0.87,2012,
165283276031,2011-12-24,2741,20,90.0,83.0,7.0,,,98.0,34.0,98.0,2.0,2.0,,,4.0,,,,82.0,58.0,,44.0,,,,,,,65.0,48.0,73.0,52.0,66.0,,19.0,18.0,47.0,23.0,,,,598.0,23670,HUMAN SERVICES BS,0.6,2.45,0.06,0.92,1.37,2.26,1.08,2.87,1.46,78.0,,,1382,3818,236,,Associate,"Black, Non-Hispanic",78,7,45,news.css,FULL-TIME,2.49,3.2,2.72,Other,1,2,9653,Exempt/Passed All,10,18,75,179,3536,11785,CRIM JUST CRJBA,AS,MA,MEDIA STUDIES,BS,HOME ECONOMICS,Yes,1867,No,,Full-Time,Not Graduated,No,4379,0.01,2014,
15823469166,2011-12-24,9501,22,94.0,,52.0,,,98.0,,,4.0,4.0,,,1.0,3.0,2.0,4.0,30.0,,,46.0,41.0,,37.0,85.0,26.0,61.0,43.0,,51.0,97.0,,74.0,96.0,50.0,38.0,,,1159.0,,556.0,23562,FILM AND TV STUDIES,1.46,3.11,1.2,2.37,2.35,3.35,0.9,0.58,2.06,,77.0,63.0,1780,1109,1577,,Associate,"White, Non-Hispanic",100,11,55,near.gif,FULL-TIME,2.38,2.14,2.05,Male,2,3,4181,Not Exempt/Passed All,78,15,34,1687,11335,4919,MANAGEMENT,BS,UNKNOWN,SPANISH,BS,CRIMINAL JUSTICE ADMINISTRATION AND PLAN,No,2588,No,,Part-Time,Not Graduated,No,1799,3.7,2015,
456043436925,2011-12-24,3417,23,2.0,29.0,,,,,95.0,,1.0,,,,,1.0,,3.0,,,,,,78.0,24.0,,72.0,29.0,43.0,,42.0,,,,,81.0,38.0,,580.0,840.0,685.0,,24350,GENDER STUDIES BA,0.47,3.42,0.7,3.79,2.53,1.02,2.55,0.81,2.62,,,,4362,3324,492,,Bachelor's,Hispanic,0,87,19,stay.odt,FULL-TIME,2.72,2.19,2.83,Female,4,3,3078,Not Exempt/Passed All,29,28,97,792,5434,10063,POLITICAL SCI & GOV,BSED,MA,PHARMACEUTICAL MANUFACTURING TECH,UNKNOWN,CELLULAR AND MOLECULAR BIOLOGY,No,4490,Yes,,Full-Time,Graduated,No,3451,0.6,2020,
968172368834,2011-12-24,8470,26,99.0,,,,79.0,54.0,69.0,,,3.0,1.0,,,2.0,3.0,3.0,,,,75.0,,,73.0,,61.0,,31.0,,,,33.0,,20.0,18.0,40.0,,,929.0,631.0,471.0,48495,ENGLISH   BA,3.85,0.62,0.19,0.41,3.29,1.26,1.8,2.49,0.88,66.0,,91.0,4603,4046,1120,,Associate,"Black, Non-Hispanic",93,48,12,boy.wav,PART-TIME,3.09,2.04,3.61,Female,3,5,2129,Not Exempt/Passed All,13,31,84,1520,7017,14475,CRIMINAL JUSTICE BC,B TECH,MPA,POLITICAL SCIENCE AND GOV SOCIAL STUDIES,UNKNOWN,MEDICAL LABORATORY TECHNICIAN,Yes,3428,Yes,SEEK,Part-Time,Not Graduated,Yes,3776,2.37,2011,
749643963406,2011-12-24,5648,28,,,,32.0,68.0,43.0,,,4.0,,2.0,,3.0,,,3.0,27.0,20.0,32.0,50.0,,62.0,62.0,,97.0,64.0,,12.0,,,27.0,,85.0,,,2.0,375.0,849.0,404.0,,18089,CRIMINAL JUSTICE AS,1.87,1.44,0.85,2.42,3.83,1.18,2.84,0.3,0.01,,67.0,,2891,3772,1469,,Bachelor's,Asian,35,68,25,race.csv,PART-TIME,3.6,3.84,2.95,Other,5,2,1838,Not Exempt/Passed All,88,23,15,236,5575,19913,EXERCISE SCIENCE BS,BS NURS,MA,MOVEMENT SCIENCE,BFA,CRIMINAL JUSTICE ADMINISTRATION AND PLAN,Yes,1830,Yes,Regular,Full-Time,Not Graduated,No,1409,2.15,2015,
59640156771,2011-12-24,4233,26,99.0,,43.0,,57.0,67.0,,82.0,2.0,3.0,2.0,2.0,,,,,,1.0,100.0,3.0,,94.0,5.0,,32.0,90.0,,,,,,63.0,74.0,,48.0,5.0,,,,,40811,ART HISTORY BA,2.47,3.38,2.99,1.5,0.55,1.75,1.64,3.62,1.87,,,,4182,4798,79,,Bachelor's,Other,45,90,19,listen.tiff,PART-TIME,3.84,3.54,3.89,Female,2,1,7846,Exempt/Passed All,42,22,68,705,3027,4615,BIOLOGY (BS-CLAS),BPS,MA,"HISTORY: SOCIAL STUDIES, GRADES 7-",BE,RADIOLOGIC TECHNOLOGY,Yes,4790,Yes,,Full-Time,Graduated,No,1260,2.22,2012,
232795961960,2011-12-24,7622,21,30.0,79.0,47.0,,,42.0,67.0,,4.0,,,4.0,2.0,,3.0,3.0,25.0,19.0,,73.0,,71.0,,24.0,,57.0,,,36.0,47.0,,27.0,,,77.0,32.0,,,,484.0,25105,LIB ARTS & SCI WEEK,1.1,1.83,0.08,0.52,0.88,1.17,1.1,3.0,2.81,95.0,,95.0,3816,4357,1094,,Bachelor's,Asian,37,80,79,population.png,FULL-TIME,2.6,3.44,3.68,Male,1,3,4947,Not Exempt/Passed All,53,16,0,765,5495,18222,BUSINESS:MANAGEMENT,BSED,MA,RUSSIAN,BPS,CHILDHOOD EDU (1-6),Yes,2035,Yes,CD Prong I,Part-Time,Not Graduated,No,3920,1.81,2010,
915252833784,2011-12-24,9087,19,,69.0,,,62.0,81.0,2.0,20.0,4.0,,4.0,,,1.0,3.0,3.0,,,52.0,,,,99.0,,41.0,19.0,,79.0,,,81.0,23.0,40.0,,,91.0,,925.0,722.0,558.0,23303,SPANISH  (BA),3.53,1.52,0.2,2.82,3.93,3.62,0.78,1.47,3.85,37.0,65.0,75.0,3865,2777,1088,,Bachelor's,Hispanic,12,62,42,concern.webm,PART-TIME,3.86,3.42,2.06,Other,3,1,1393,Exempt/Passed All,81,1,20,296,4378,17911,OFFICE TECHNOLOGY,B TECH,MPA,FINE ARTS,B TECH,HEALTH INFORMATION MANAGMENT,No,3310,Yes,SEEK,Full-Time,Graduated,Yes,2318,2.01,2011,
467896658199,2011-12-24,6620,19,75.0,,,,49.0,,75.0,30.0,2.0,4.0,,1.0,2.0,,,,85.0,,32.0,,,,94.0,,43.0,69.0,46.0,,,46.0,53.0,98.0,9.0,,73.0,21.0,706.0,1239.0,221.0,,33525,CRIMINAL JUSTICE BM,2.73,0.2,1.4,3.43,1.0,2.34,3.59,3.74,1.27,42.0,48.0,50.0,1336,1334,761,,Associate,Other,90,88,34,author.numbers,PART-TIME,2.6,2.8,3.8,Female,5,1,9247,Exempt/Passed All,93,9,69,1167,16692,8335,GEOLOGY,AAS,,MARKETING MANAGEMENT AND SALES,BSED,MEDICAL OFFICE ASSISTANT,Yes,3014,No,SEEK,Full-Time,Not Graduated,Yes,1355,1.4,2019,
432384432225,2011-12-24,6498,23,48.0,70.0,,,,,78.0,21.0,,1.0,,,,,2.0,,76.0,,41.0,,25.0,96.0,,,99.0,57.0,,,84.0,41.0,100.0,16.0,,,32.0,6.0,286.0,,,226.0,42267,PUB ADMIN CONC. D,3.06,2.95,1.44,2.67,0.44,3.47,1.41,3.63,1.02,34.0,,,2813,1503,1556,,Bachelor's,Other,80,92,100,baby.xlsx,FULL-TIME,2.64,2.88,2.51,Female,2,1,7401,Exempt/Passed All,63,26,38,1884,3846,2852,PARAMEDIC,BSW,,LIBERAL ARTS AND SCIENCE,BS,COMPUTER METHODOLOGY,No,2932,Yes,Regular,Part-Time,Graduated,No,4685,2.36,2020,
360674755496,2011-12-24,8576,28,10.0,,,,,,34.0,18.0,,3.0,,,,1.0,,,51.0,75.0,32.0,25.0,1.0,,,54.0,7.0,45.0,,,,79.0,,28.0,,76.0,52.0,38.0,,,,,32216,BROADCASTING TECH,2.73,3.59,3.31,2.74,0.31,1.09,0.11,0.16,3.62,,,54.0,1253,3848,903,,Associate,Other,33,24,30,almost.jpg,PART-TIME,2.99,3.86,2.17,Other,2,4,8182,Not Exempt/Passed All,74,17,4,228,5014,1035,DIGITAL DESIGN AND,BSED,AAS,CIVIL ENGINEERING SCIENCE,B TECH,GAME DESIGN,Yes,4269,Yes,Regular,Part-Time,Not Graduated,No,3819,3.71,2010,
498595245857,2011-12-24,4587,28,30.0,74.0,,74.0,45.0,41.0,,,3.0,2.0,,,2.0,,,,8.0,92.0,,81.0,,,64.0,,,6.0,5.0,,34.0,,,,3.0,100.0,62.0,41.0,,718.0,201.0,737.0,42220,AUTO TECHNOLOGY,1.59,0.23,3.6,0.8,0.43,3.1,1.59,1.25,1.74,,44.0,,1676,1183,1263,,Associate,Asian,38,28,81,someone.png,PART-TIME,2.54,3.8,2.1,Male,1,2,7876,Exempt/Passed All,82,20,27,1351,3341,8705,CHEMISTRY-BS,BS NURS,MS,SECRETARIAL SCIENCE-EXECUTIVE,BE,FIRE SCIENCE,Yes,2132,No,Regular,Full-Time,Not Graduated,Yes,4545,2.37,2014,
136301626594,2011-12-24,2686,29,95.0,,28.0,25.0,68.0,43.0,,46.0,,3.0,,2.0,3.0,2.0,3.0,,,,,,48.0,,51.0,,75.0,2.0,4.0,,,40.0,64.0,,25.0,,85.0,60.0,,,,280.0,33329,BROADCASTING TECH &,3.9,3.49,0.1,1.61,1.07,0.41,0.31,2.1,3.4,,,57.0,4405,2262,1958,,Bachelor's,Asian,92,8,26,institution.avi,PART-TIME,2.83,3.9,3.54,Male,3,2,7738,Not Exempt/Passed All,48,2,2,400,2030,755,COMP TECH:TELECOMM,BA,AAS,ANTHROPOLOGY,B TECH,JUSTICE STUDIES,Yes,3637,No,SEEK,Full-Time,Not Graduated,No,2287,3.34,2020,
929319132377,2011-12-24,9260,25,,,58.0,77.0,57.0,21.0,20.0,,3.0,3.0,1.0,3.0,,1.0,1.0,3.0,61.0,,,14.0,54.0,68.0,,30.0,,79.0,,,26.0,54.0,,76.0,,,,34.0,,1305.0,704.0,,42765,ECONOMICS BS,3.3,3.04,0.12,0.68,3.2,3.71,1.76,2.22,0.68,,87.0,98.0,3081,2169,1021,,Bachelor's,"Black, Non-Hispanic",89,1,32,outside.png,PART-TIME,3.24,2.08,3.51,Male,3,5,5231,Not Exempt/Passed All,82,2,49,1840,14804,14138,DANCE BA,B ARCH,MS,FINANCE,BBA,ACCOUNTING,Yes,2609,Yes,CD Bilingual,Part-Time,Graduated,No,2159,3.67,2015,
534282195004,2011-12-24,8962,20,,83.0,,72.0,,68.0,,,,,,,,,,2.0,,,1.0,44.0,,63.0,,54.0,66.0,34.0,,53.0,1.0,96.0,27.0,,,75.0,20.0,69.0,,627.0,,,30273,LIBERAL ARTS-POLSCI,3.87,0.44,1.42,0.94,2.8,1.38,2.74,3.18,3.8,,45.0,50.0,1947,3023,906,,Associate,"Black, Non-Hispanic",96,9,44,thus.avi,FULL-TIME,3.42,2.04,2.72,Other,1,3,8051,Not Exempt/Passed All,84,31,69,1864,9541,14546,FORENSIC SCIENCE,BA,MPA,LIBERAL ARTS AND SCIENCES,B TECH,MODERN LANGUAGES,No,2122,No,,Part-Time,Not Graduated,Yes,4882,2.96,2017,
970490450971,2011-12-24,4556,23,79.0,,,90.0,,68.0,,54.0,4.0,3.0,,,4.0,4.0,1.0,4.0,58.0,,,,65.0,,65.0,,19.0,78.0,46.0,,11.0,19.0,,57.0,44.0,98.0,,,,1039.0,228.0,370.0,30633,STUDIO ART BA,0.06,1.48,3.83,2.26,2.81,0.6,2.02,2.99,0.61,24.0,63.0,21.0,4655,3270,1715,,Bachelor's,"Black, Non-Hispanic",46,84,31,first.jpeg,PART-TIME,3.39,2.95,2.18,Male,4,4,9526,Not Exempt/Passed All,78,31,57,244,9710,17382,POLITICAL SCI,B ARCH,AAS,INTERNATIONAL BUSINESS,BPS,PROFESSIONAL AND TECHNICAL WRITING,No,1873,Yes,Regular,Full-Time,Graduated,Yes,2079,1.77,2019,
238362629651,2011-12-24,7220,28,,62.0,,,82.0,,,,,,,2.0,,3.0,3.0,3.0,3.0,,,,41.0,,,,14.0,,,,,26.0,60.0,,50.0,,63.0,,366.0,,,720.0,39734,ECONOMICS A BS,3.53,3.43,2.27,3.68,1.12,0.75,3.12,0.94,1.55,,,,2126,2628,1829,,Associate,Hispanic,41,98,0,piece.txt,FULL-TIME,2.86,3.51,2.67,Other,4,2,6661,Not Exempt/Passed All,81,35,9,1505,10904,12213,ACCOUNTING FOR FORE,BSW,MPA,ART AND ADVERTISING DESIGN,BBA,HUMAN SERVICES: MENTAL HEALTH,No,3417,Yes,CD Bilingual,Part-Time,Not Graduated,Yes,1569,3.88,2020,
784232166912,2011-12-24,2593,28,80.0,,63.0,50.0,,3.0,44.0,60.0,,,1.0,,4.0,4.0,3.0,,,86.0,,,,41.0,,51.0,,13.0,,51.0,60.0,,,84.0,55.0,,67.0,43.0,583.0,1273.0,368.0,,25732,DIGITAL ART AND DES,3.35,1.36,1.95,3.69,1.1,1.84,1.41,2.58,0.81,,,48.0,4812,2510,1927,,Associate,Other,76,90,55,meeting.numbers,PART-TIME,2.19,3.55,2.66,Other,1,4,1325,Exempt/Passed All,68,26,98,1088,19250,13724,CRIMINAL JUSTICE BA,B ARCH,UNKNOWN,GEOGRAPHIC INFORMATION SCIENCE,BS,GRAPHIC DESIGN,No,1154,Yes,SEEK,Full-Time,Graduated,No,4388,1.18,2018,
44430479517,2011-12-24,2682,25,,68.0,,90.0,93.0,73.0,,,,,,,1.0,,4.0,3.0,14.0,,23.0,85.0,,26.0,,74.0,,62.0,,,,,,27.0,45.0,31.0,,,,,268.0,245.0,36149,FOR SCI: CRMNLISTIC,2.19,1.95,1.61,2.55,3.62,0.76,2.69,0.76,1.63,,67.0,,1605,1103,1810,,Bachelor's,Asian,19,67,63,we.js,FULL-TIME,3.66,3.44,2.35,Female,2,3,3680,Exempt/Passed All,17,2,89,875,4455,9542,MASSAGE THERAPY,AAS,MS,PUBLIC COMMUNITY HEALTH,BA,MICROCOMPUTER SYSTEMS & APPLICATIONS,No,4191,No,CD Bilingual,Part-Time,Graduated,Yes,3107,1.12,2014,
574228982227,2011-12-24,6355,24,15.0,29.0,23.0,,16.0,,31.0,,2.0,4.0,,,,4.0,1.0,3.0,,4.0,,,,61.0,,,,,32.0,32.0,,,,,,,,35.0,637.0,,,262.0,43128,SPANISH TCHR (BA),3.77,0.28,1.4,2.14,3.22,3.95,1.67,2.89,0.15,,75.0,43.0,2597,4636,669,,Bachelor's,"Black, Non-Hispanic",53,33,44,himself.txt,PART-TIME,2.48,2.67,3.4,Female,3,2,3695,Exempt/Passed All,12,32,56,1774,552,17754,PATHWAY TO EC EDUC,B ARCH,,SPANISH,BPS,TELECOMMUNICATIONS TECHNOLOGY: NYNEX,Yes,1369,Yes,SEEK,Full-Time,Not Graduated,No,2280,0.97,2010,
798394863836,2011-12-24,2116,26,,,47.0,,82.0,80.0,79.0,8.0,2.0,,,4.0,,3.0,,,,60.0,,6.0,65.0,52.0,,,15.0,59.0,15.0,,,83.0,68.0,,73.0,38.0,,85.0,,968.0,,446.0,45219,NETWORK ADMIN & SEC,3.75,3.72,1.76,3.88,1.07,0.01,1.24,1.75,1.41,42.0,,76.0,2380,4949,175,,Bachelor's,"Black, Non-Hispanic",16,74,63,best.json,PART-TIME,3.33,3.39,2.85,Male,3,2,9713,Not Exempt/Passed All,0,13,98,66,989,9357,UNDECLARED HEALTH S,BS NURS,AAS,ANIMATION AND MOTION GRAPHICS,BE,SECRETARIAL STUDIES,Yes,1176,No,Regular,Full-Time,Not Graduated,No,4268,0.99,2011,
396171978122,2011-12-24,6935,18,,92.0,,100.0,31.0,,63.0,,1.0,3.0,,1.0,1.0,1.0,3.0,,,88.0,4.0,,,10.0,,18.0,,,,,91.0,4.0,47.0,94.0,42.0,1.0,88.0,,627.0,888.0,771.0,,10772,VETERINARY TECHNOLO,2.33,1.53,3.65,0.81,1.45,3.54,1.45,1.77,0.78,,96.0,88.0,2253,4193,191,,Bachelor's,Other,48,20,17,use.avi,FULL-TIME,3.76,3.21,3.4,Male,4,1,8899,Not Exempt/Passed All,86,11,27,1419,3775,8391,CRIMINAL JUSTICE BM,MUS B,MS,BIOLOGICAL SCIENCES MAJOR I,BS,HEALTH INFORMATION TECHNOLOGY,Yes,1493,No,SEEK,Full-Time,Not Graduated,No,2343,0.51,2019,
439197432526,2011-12-24,9851,25,28.0,93.0,4.0,79.0,,44.0,31.0,,,3.0,3.0,4.0,,2.0,2.0,,29.0,45.0,,,,,68.0,70.0,,,,,57.0,,,41.0,,,37.0,27.0,,986.0,,,38703,LIBERAL ARTS-PSYCH,0.15,1.69,2.42,1.6,0.44,2.76,1.81,3.36,2.07,,47.0,67.0,4740,2231,1985,,Associate,Hispanic,4,82,48,reflect.bmp,FULL-TIME,3.51,3.84,3.14,Female,4,5,5889,Exempt/Passed All,5,5,25,1315,14650,9062,POL STUDIES: MGT BS,UNKNOWN,MS,"LAW, POLICE SCIENCE, AND CRIMINAL JUSTIC",BS,RADIOLOGIC TECHNOLOGY,No,1323,Yes,,Part-Time,Not Graduated,Yes,1428,1.79,2018,
526481844227,2011-12-24,6511,25,,,50.0,,,22.0,53.0,,2.0,,,3.0,,3.0,2.0,,,83.0,,,,43.0,,90.0,17.0,40.0,100.0,,58.0,,20.0,,36.0,88.0,21.0,,414.0,1354.0,403.0,,13253,COMMUNITY HLTH ED,2.11,3.66,2.75,2.08,2.74,1.89,0.7,0.23,3.3,,,75.0,4197,3367,1827,,Bachelor's,Asian,58,72,37,from.html,FULL-TIME,2.36,3.63,2.76,Female,2,2,5107,Not Exempt/Passed All,77,9,14,394,18099,14058,UNDECLARED BA,AA,AAS,SPANISH,BSED,CINEMA STUDIES,Yes,3446,Yes,Regular,Part-Time,Not Graduated,Yes,3712,2.59,2018,
278124630333,2011-12-24,3502,29,53.0,,17.0,27.0,,,,,,,,,,1.0,,4.0,54.0,82.0,12.0,16.0,,24.0,,6.0,,,67.0,41.0,,,13.0,,,18.0,,69.0,,,280.0,,25744,CRJ AD & PL CON UND,3.74,0.61,2.29,1.31,2.2,3.79,2.89,2.63,0.68,,,,1535,4550,746,,Associate,"Black, Non-Hispanic",27,45,65,party.txt,PART-TIME,2.58,3.06,2.9,Male,2,5,3222,Exempt/Passed All,28,36,63,1050,3831,4484,BIOTECHNOLOGY DUAL/,BE,MS,DIGITAL MUSIC,BS,COMPUTER INFO SYS-CRIMINAL JUST&PUB ADMN,Yes,3041,No,CD Prong I,Part-Time,Not Graduated,No,1027,2.44,2014,
656250961431,2011-12-24,3990,19,,,,,,,77.0,,1.0,4.0,4.0,2.0,,3.0,,3.0,,17.0,,49.0,1.0,,,,,,,,31.0,,,21.0,8.0,,,,,854.0,,,23235,HUMAN SERVICES MENT,0.39,0.66,3.09,2.03,0.47,2.12,3.6,2.3,0.87,,78.0,,1206,2170,66,,Associate,"White, Non-Hispanic",14,37,53,society.ppt,FULL-TIME,3.84,2.29,2.45,Male,2,5,3917,Exempt/Passed All,34,24,17,1474,19347,13210,SECURITY MGMNT:AS,BE,MA,ARCHITECTURAL TECHNOLOGY,BBA,CORRECTIONAL STUDIES,No,2773,Yes,SEEK,Full-Time,Not Graduated,No,4184,0.99,2011,
310257818533,2011-12-24,5089,22,,,98.0,18.0,74.0,4.0,,31.0,,,2.0,,,2.0,,2.0,,,,57.0,,,52.0,,,,,85.0,16.0,,,,55.0,,19.0,25.0,564.0,,712.0,710.0,25303,INTERDISC LA&SCI CW,3.56,2.69,1.54,3.31,0.47,1.73,1.15,1.49,1.22,,,24.0,2658,2710,1537,,Bachelor's,"White, Non-Hispanic",56,85,38,recently.mp3,PART-TIME,2.56,3.3,2.11,Male,2,4,9881,Not Exempt/Passed All,2,15,76,376,3240,4512,ENGINEERING SCI CIV,AAS,,ELECTRICAL ENGINEERING,BFA,HOSPITALITY MANAGEMENT,Yes,1929,Yes,,Full-Time,Not Graduated,No,4498,3.45,2012,
778792276868,2011-12-24,2309,26,,48.0,,,34.0,,25.0,93.0,,1.0,2.0,2.0,4.0,,2.0,,,,76.0,,65.0,55.0,24.0,,80.0,26.0,,,,,93.0,9.0,79.0,,,,,,313.0,,43323,BUSINESS,1.66,1.21,3.91,3.92,1.33,1.48,2.44,0.13,0.07,50.0,,70.0,2901,4070,354,,Bachelor's,"White, Non-Hispanic",23,35,86,data.jpeg,FULL-TIME,3.49,2.14,2.05,Female,4,3,3051,Not Exempt/Passed All,6,20,85,1849,10553,11367,AVIATION MGMT-BS,B ARCH,UNKNOWN,ENVIRONMENTAL TECHNOLOGY,BSED,BIOLOGICAL SCIENCE - MAJOR I,Yes,3204,No,Regular,Part-Time,Graduated,No,3421,1.74,2015,
65827549255,2011-12-24,5752,19,44.0,,,49.0,63.0,,,85.0,,,,,,1.0,,2.0,85.0,56.0,,,,,,98.0,36.0,62.0,38.0,99.0,,,67.0,61.0,,,,17.0,,1314.0,,,37034,INTERNATIONAL BUSIN,0.13,1.58,2.14,3.99,3.7,2.65,1.9,3.36,2.22,,,21.0,2657,1385,1100,,Associate,"Black, Non-Hispanic",75,57,94,speak.mp4,FULL-TIME,2.25,3.63,3.31,Male,2,1,5015,Not Exempt/Passed All,67,9,73,203,12982,12096,WRITING AND LITERAT,AS,MS,HUMAN BIOLOGY,BE,TELECOMMUNICATIONS TECHNOLOGY: NYNEX,No,1854,Yes,SEEK,Full-Time,Not Graduated,No,2221,1.7,2010,
1484188519,2011-12-24,7925,29,66.0,,52.0,,,73.0,,100.0,3.0,,,4.0,,2.0,4.0,,14.0,5.0,86.0,56.0,,31.0,,40.0,16.0,,76.0,,,31.0,,17.0,71.0,,,,,,,,28662,ART STUD (24CR),3.41,0.36,3.56,0.5,2.33,0.45,1.25,0.49,2.76,23.0,54.0,,4407,4738,1963,,Bachelor's,Other,21,42,23,friend.tiff,FULL-TIME,3.47,3.31,3.24,Male,2,1,7750,Not Exempt/Passed All,77,15,25,283,8336,19506,UNDECIDED,,,GRAPHIC DESIGN,BBA,CORPORATE AND CABLE COMMUNICATIONS,Yes,3921,Yes,Regular,Full-Time,Not Graduated,Yes,1095,0.93,2018,
288778668167,2011-12-24,3958,26,,,,,,48.0,61.0,,1.0,2.0,3.0,,4.0,1.0,,,,63.0,,,59.0,,44.0,69.0,,89.0,13.0,,46.0,,,,12.0,,,6.0,684.0,,,,12272,FINANCE/INVESTMENTS,2.29,2.48,2.09,3.55,2.47,3.78,0.26,1.27,3.1,20.0,74.0,35.0,1289,3465,146,,Bachelor's,"White, Non-Hispanic",22,27,8,rule.mov,FULL-TIME,3.7,3.04,2.73,Other,2,5,4143,Not Exempt/Passed All,13,7,29,1643,7244,4443,ENTREPRENEURSHIP,BA,,RADIOLOGICAL SCIENCE,B TECH,COMPUTER INFO SYS-CRIMINAL JUST&PUB ADMN,Yes,2404,Yes,SEEK,Part-Time,Graduated,No,1109,3.59,2013,
416759119943,2011-12-24,1487,20,21.0,,55.0,70.0,59.0,,,,,,,1.0,4.0,2.0,4.0,3.0,55.0,,,,41.0,,80.0,96.0,41.0,46.0,6.0,47.0,40.0,19.0,,,,50.0,67.0,24.0,,,,,32368,MEDICAL LAB SCI CLI,2.31,3.6,3.49,1.36,0.7,2.31,1.48,0.56,1.93,,,75.0,1244,2684,982,,Associate,Hispanic,8,67,23,and.mp4,PART-TIME,3.15,3.5,3.72,Female,2,5,5135,Exempt/Passed All,94,1,66,1112,8461,1948,PERM YORK,MUS B,UNKNOWN,FRAUD EXAMINATION AND FINANCIAL FORENSIC,BBA,FORENSIC SCIENCE,No,4449,Yes,SEEK,Full-Time,Not Graduated,No,1354,2.71,2011,
488768542078,2011-12-24,1935,26,51.0,,23.0,,96.0,79.0,74.0,,2.0,,,,4.0,4.0,1.0,4.0,,37.0,,55.0,,60.0,41.0,,47.0,27.0,31.0,,,,57.0,73.0,91.0,,,,743.0,,,,40114,CUNY BACCALAUREATE,1.77,0.08,0.11,1.1,3.08,2.3,1.84,0.24,2.41,28.0,,38.0,4101,4130,946,,Associate,Asian,37,69,9,miss.numbers,PART-TIME,3.63,3.74,2.72,Other,1,2,5979,Not Exempt/Passed All,48,30,100,344,16470,8183,URBAN STDS BA,MUS B,MPA,PHYSICAL EDUCATION TEACHER,B TECH,NURSING (ONLINE DEGREE),Yes,3794,Yes,SEEK,Part-Time,Not Graduated,No,3791,0.16,2018,
571641797839,2011-12-24,2304,22,45.0,90.0,60.0,37.0,18.0,37.0,41.0,34.0,,,4.0,,,3.0,,1.0,68.0,,,95.0,32.0,21.0,,,32.0,,,38.0,,80.0,31.0,,29.0,40.0,50.0,45.0,,,364.0,735.0,11666,BUSINESS ADMIN,0.82,2.43,0.79,3.02,2.29,2.35,3.29,0.91,1.66,80.0,55.0,,1630,2040,155,,Bachelor's,Asian,50,15,76,the.mov,FULL-TIME,2.03,2.46,3.65,Male,1,4,9538,Not Exempt/Passed All,83,33,57,823,12366,12302,ART - STUDIO,MUS B,MPA,LIBERAL ARTS & SCIENCES,BE,DESIGN DRAFTING AND COMPUTER GRAPHICS,No,2855,Yes,CD Prong I,Part-Time,Graduated,Yes,4629,0.8,2016,
80666052231,2011-12-24,5206,28,,17.0,,,,,,,3.0,,,2.0,1.0,3.0,1.0,4.0,,60.0,,2.0,84.0,,25.0,28.0,32.0,60.0,70.0,,,,,15.0,,,3.0,,580.0,1359.0,384.0,,47840,SCIENCE,2.63,0.35,2.66,3.77,3.32,3.91,2.42,0.82,3.28,,,,3075,2455,1878,,Associate,"Black, Non-Hispanic",34,23,73,box.numbers,FULL-TIME,3.49,3.08,3.77,Female,3,5,4551,Not Exempt/Passed All,30,36,62,760,8230,12720,PHIL/POL SCI,MUS B,MS,ENVIRONMENTAL CONTROL TECHNOLOGY,BS,MEDICAL OFFICE ASSISTANT,Yes,4178,No,,Part-Time,Graduated,Yes,3490,2.05,2020,
12202463799,2011-12-24,4803,20,14.0,1.0,94.0,88.0,,,63.0,33.0,,3.0,2.0,,3.0,,4.0,2.0,,68.0,,22.0,2.0,10.0,72.0,,12.0,15.0,,46.0,39.0,96.0,53.0,38.0,48.0,,,54.0,658.0,,483.0,,33410,CHILDHOOD EDUCATION,3.64,3.27,0.96,3.62,3.65,2.89,0.71,3.28,2.69,59.0,,,1249,3287,417,,Bachelor's,Asian,99,14,25,speech.mp3,FULL-TIME,3.77,3.08,2.1,Female,5,3,7943,Exempt/Passed All,44,18,57,77,6108,19348,ARCHITECTURE,BS NURS,,LIBARAL ARTS,B TECH,COMMUNICATIONS,No,1577,Yes,SEEK,Full-Time,Graduated,Yes,2453,1.19,2014,
997603921239,2011-12-24,5365,25,,,1.0,27.0,,91.0,,29.0,1.0,,,,,1.0,,3.0,,90.0,,,89.0,71.0,,47.0,,100.0,,95.0,,,,98.0,50.0,,,72.0,371.0,852.0,,533.0,20582,OFFICE ADMINISTRATI,0.05,1.28,1.78,1.86,1.36,1.29,1.2,1.38,1.41,,,35.0,4453,2031,734,,Associate,"White, Non-Hispanic",50,31,19,reveal.pptx,PART-TIME,3.7,2.09,3.83,Female,1,3,3628,Exempt/Passed All,71,29,31,1026,1314,8823,"TRAVEL, TOURISM & H",B ARCH,MS,GRAPHIC DESIGN AND ILLUSTRATION,BE,SPANISH TEACHER,Yes,1276,No,Regular,Full-Time,Not Graduated,No,2583,2.86,2013,
592029055506,2011-12-24,7290,22,,46.0,,46.0,19.0,,99.0,,,,,,,,4.0,1.0,,59.0,,,19.0,,,,74.0,,,,60.0,,32.0,11.0,,31.0,47.0,3.0,,,,,22921,AUTOMOTIVE TECH AAS,3.69,1.13,1.05,2.87,2.71,1.8,2.62,3.89,3.34,58.0,,,1315,4431,706,,Bachelor's,Hispanic,100,84,26,perform.key,PART-TIME,3.54,2.06,3.02,Female,4,4,9595,Not Exempt/Passed All,87,22,8,1535,15873,14237,CRJ BA LGA CONC A,BS,,MUSIC ELECTRONIC TECHNOLOGY,BSED,HOME ECONOMICS,Yes,4038,Yes,SEEK,Full-Time,Graduated,No,2193,0.64,2015,
349206889531,2011-12-24,3649,24,51.0,,8.0,20.0,64.0,,,71.0,,,,,,,1.0,,13.0,96.0,45.0,,,,,,3.0,,,77.0,,28.0,38.0,,,81.0,,,,,,672.0,42897,MEDIA ARTS AS,1.74,0.39,0.87,0.52,3.75,3.38,0.29,1.55,1.49,,,32.0,4377,2412,191,,Associate,"White, Non-Hispanic",73,79,22,camera.txt,FULL-TIME,3.07,2.45,3.49,Female,1,1,4730,Not Exempt/Passed All,92,30,21,1326,18684,13076,COMPUTER INFORM SYS,BSED,MPA,SPEECH COMMUNICATION AND THEATRE ARTS,UNKNOWN,DIGITAL MUSIC,No,4190,No,CD Bilingual,Part-Time,Graduated,No,4247,3.92,2020,
290068777756,2011-12-24,4687,21,94.0,,36.0,29.0,50.0,2.0,,,,2.0,,,3.0,,,4.0,51.0,17.0,9.0,29.0,8.0,,,,,78.0,,,,,,,,,,,368.0,1451.0,,,15052,SCIENCE LETTERS & S,3.28,2.99,2.82,0.76,3.76,2.48,2.55,3.15,1.95,30.0,40.0,,4122,3535,1888,,Associate,"Black, Non-Hispanic",8,12,23,thousand.pptx,PART-TIME,2.14,2.85,2.53,Male,4,2,5542,Exempt/Passed All,34,2,6,492,3631,11596,LIB ARTS:MATH & SCI,UNKNOWN,UNKNOWN,ART HISTORY,BA,HEALTH SERVICES ADMINISTRATION,No,4851,No,SEEK,Full-Time,Not Graduated,No,4844,1.27,2010,
858387242582,2011-12-24,1189,25,35.0,12.0,64.0,42.0,65.0,13.0,40.0,40.0,,,4.0,3.0,2.0,,3.0,3.0,,,,,85.0,46.0,,,18.0,31.0,96.0,,,34.0,44.0,,,,54.0,,,1487.0,,,45968,MATHEMATICS 7-12 BA,3.54,2.51,3.58,1.53,3.16,1.3,3.09,2.9,3.66,68.0,,,4156,3898,1213,,Bachelor's,Other,15,26,75,performance.pdf,PART-TIME,3.41,2.74,2.06,Male,3,5,2732,Not Exempt/Passed All,0,10,26,1572,16861,1956,THEATRE MANAGEMENT,BS,MA,FIRE AND EMERGENCY SERVICE,BS,SPECIAL EDUCATION AND CHILDHOOD,Yes,1090,Yes,CD Prong I,Full-Time,Graduated,No,1896,3.24,2020,
897634040878,2011-12-24,4763,26,90.0,73.0,,,,37.0,1.0,37.0,,,,,2.0,,,,,,90.0,,35.0,,,19.0,91.0,84.0,,46.0,,,100.0,,63.0,67.0,97.0,2.0,698.0,1523.0,,,35222,ART HISTORY BA,1.19,1.61,1.76,0.97,3.91,0.54,0.03,2.24,1.71,20.0,92.0,66.0,3108,4721,1827,,Associate,Other,18,62,75,democratic.mp4,FULL-TIME,3.0,3.68,3.47,Other,1,2,5126,Not Exempt/Passed All,35,22,53,222,12801,1637,CRIM JUST BA CON D,MUS B,MPA,COMPUTER AIDED DRAFTING AND DESIGN TECH,BE,MEDIA COMMUNICATIONS STUDIES,Yes,3012,No,SEEK,Full-Time,Graduated,No,2542,1.23,2011,
38414233628,2011-12-24,9160,26,,,,40.0,,43.0,,8.0,2.0,2.0,,2.0,3.0,3.0,,3.0,55.0,,,99.0,94.0,54.0,97.0,79.0,86.0,,69.0,,,23.0,,,78.0,,,,379.0,,704.0,732.0,25820,INTERNAL ACCOUNTING,1.98,0.28,1.54,1.25,1.74,1.06,1.7,1.7,2.16,83.0,,,4327,4702,1097,,Bachelor's,"Black, Non-Hispanic",59,10,68,size.mov,FULL-TIME,3.92,2.26,3.81,Female,2,4,6628,Exempt/Passed All,90,14,20,779,14154,6509,ENVIRON CNTRL TECH,AA,MPA,CHEMICAL TECHNOLOGY,BS,GOVERNMENT,No,4828,No,CD Prong I,Full-Time,Graduated,No,3534,3.11,2020,
104699492369,2011-12-24,8048,22,,42.0,,96.0,8.0,52.0,85.0,22.0,,2.0,,1.0,2.0,,3.0,1.0,49.0,73.0,82.0,,,,,,,13.0,82.0,55.0,,,2.0,,97.0,,91.0,,315.0,,,,13305,DENTAL LAB TECH,2.53,1.14,3.1,0.5,0.86,2.17,0.92,1.94,0.24,37.0,,51.0,4290,1450,49,,Bachelor's,Hispanic,34,40,5,policy.mp3,PART-TIME,3.54,2.64,2.25,Female,4,1,6355,Not Exempt/Passed All,20,9,70,127,2359,2189,EDU ASSOC BILINGUAL,MUS B,,MENTAL HEALTH AND HUMAN SERVICES,BE,COMMUNICATION ARTS,Yes,1569,Yes,CD Prong I,Part-Time,Graduated,No,3657,3.48,2010,
324526342471,2011-12-24,1508,18,,35.0,,55.0,59.0,,11.0,69.0,3.0,4.0,2.0,2.0,,,4.0,4.0,,,,38.0,,48.0,,,6.0,63.0,,,17.0,80.0,25.0,56.0,,65.0,52.0,62.0,,,,464.0,46017,BROADCASTING TECH &,0.21,3.98,1.36,0.94,3.59,2.18,1.52,0.81,0.03,,28.0,,2857,3843,1743,,Bachelor's,Hispanic,16,15,10,mind.gif,PART-TIME,2.95,2.69,2.73,Other,5,1,5594,Exempt/Passed All,81,35,99,1609,16999,14100,GATEWAY TO HUMANITI,BA,,LEGAL ASSISTANT STUDIES,BS,BIOLOGICAL SCIENCE - MAJOR I,Yes,1973,Yes,CD Bilingual,Part-Time,Graduated,No,2572,2.03,2017,
57224043889,2011-12-24,7424,25,81.0,6.0,50.0,86.0,,,,22.0,,2.0,,1.0,1.0,,,2.0,,7.0,69.0,,,,,,48.0,,83.0,,,67.0,,,,19.0,,,,,473.0,637.0,22878,ONLINE DEGREE OPT F,0.64,3.58,1.96,3.12,3.95,1.28,2.39,0.62,3.81,,,,2482,1060,1460,,Bachelor's,"Black, Non-Hispanic",33,32,7,whole.jpeg,FULL-TIME,2.6,2.65,2.59,Other,1,3,6003,Not Exempt/Passed All,54,17,22,115,11127,12474,NURSING - CLINICAL,,MPA,OFFICE AUTOMATION,BFA,DENTAL LABORATORY TECHNOLOGY,Yes,4732,No,Regular,Part-Time,Not Graduated,No,3553,3.47,2013,
132821181979,2011-12-24,1282,25,,14.0,51.0,,85.0,,,,,,,3.0,,,,,,4.0,81.0,2.0,,80.0,65.0,,82.0,76.0,7.0,76.0,,,,,,77.0,,,,,492.0,264.0,25930,LIB ARTS & SCI WEEK,0.45,3.19,1.18,2.12,2.45,3.86,1.32,2.56,0.13,29.0,,,4275,2459,14,,Associate,Hispanic,32,85,49,rest.tiff,PART-TIME,2.31,3.88,2.05,Female,4,3,2560,Not Exempt/Passed All,65,21,39,1511,13493,18401,CRIM JUST BA CONC D,B ARCH,MPA,SECRETARIAL SCIENCE: LEGAL SECRETARY,BPS,TEACHER EDUCATION,No,3530,Yes,Regular,Full-Time,Not Graduated,Yes,3973,0.74,2017,
872328727934,2011-12-24,4647,27,44.0,36.0,,,,,4.0,3.0,,2.0,4.0,,3.0,2.0,3.0,1.0,93.0,,,,76.0,,49.0,54.0,,,,,57.0,,80.0,43.0,,33.0,56.0,,243.0,,468.0,663.0,35448,LIBERAL ARTS - PERF,1.4,1.83,0.47,1.1,1.5,1.86,2.56,1.32,1.38,16.0,,,1046,1978,393,,Associate,"White, Non-Hispanic",96,66,32,enjoy.odp,FULL-TIME,3.13,2.84,2.94,Male,2,5,5287,Exempt/Passed All,32,17,8,328,10530,9385,MEDIA STUDIES,BE,MA,DESIGN DRAFTING AND COMPUTER GRAPHICS,BA,NURSING (ONLINE DEGREE),Yes,2395,No,SEEK,Part-Time,Not Graduated,Yes,2288,1.55,2010,
58600000233,2011-12-24,2214,27,,,,60.0,97.0,,68.0,,,2.0,,3.0,,,,3.0,84.0,,15.0,60.0,,94.0,,62.0,3.0,,,80.0,,,62.0,36.0,79.0,,40.0,41.0,,1200.0,284.0,250.0,18767,ERLY CHLD/CHLD CARE,3.5,2.3,0.84,1.82,3.02,0.64,1.7,2.36,2.21,,,44.0,2570,1614,1033,,Bachelor's,Hispanic,36,26,85,people.mp3,FULL-TIME,2.46,3.76,3.04,Male,4,1,7742,Exempt/Passed All,66,12,34,1837,18998,2501,ELECTRICAL ENGR BE,BBA,,DENTAL LABORATORY TECHNOLOGY,BFA,FINANCIAL MANAGEMENT,No,1071,Yes,,Full-Time,Not Graduated,Yes,3458,1.72,2010,
285323474161,2011-12-24,4566,21,,,,96.0,,25.0,,17.0,4.0,3.0,1.0,,1.0,2.0,,,63.0,,79.0,,,,,,14.0,38.0,,31.0,97.0,,48.0,,70.0,,53.0,20.0,,733.0,,,49264,ADMIN ASSISTANT,2.9,3.6,0.06,0.41,0.38,1.15,2.35,2.44,0.19,,,60.0,2358,1384,1095,,Associate,"Black, Non-Hispanic",87,2,42,ask.odp,FULL-TIME,2.01,3.98,2.63,Male,3,1,7376,Exempt/Passed All,94,17,59,1441,5411,2168,HISTORY TEP,AS,,MEDICAL LABORATORY SCIENCES,BPS,EMERGENCY MEDICAL TECHNICIAN/PARAMEDIC,No,2532,No,CD Bilingual,Part-Time,Graduated,Yes,4917,1.69,2020,
69580783147,2011-12-24,8694,20,,,27.0,,,53.0,,,2.0,1.0,2.0,,2.0,,,1.0,,14.0,,32.0,,40.0,9.0,,,,,2.0,71.0,,84.0,,,19.0,14.0,,,1587.0,333.0,399.0,39430,FINANCE BBA,2.66,3.17,0.83,0.64,2.5,0.49,3.59,1.96,3.03,,,68.0,3962,4750,929,,Associate,"Black, Non-Hispanic",76,76,64,our.avi,PART-TIME,2.36,3.86,2.82,Female,2,3,9287,Not Exempt/Passed All,19,12,100,1853,16079,18921,JOURNALISM (BA),BS NURS,MPA,GEOLOGY,BFA,"MATHEMATICS, GRADES 7-12",Yes,3283,Yes,Regular,Part-Time,Graduated,No,4829,1.1,2016,
73281736610,2011-12-24,1307,28,,,20.0,12.0,,53.0,,,2.0,,1.0,,,,3.0,,84.0,14.0,83.0,94.0,,,,51.0,12.0,,98.0,,89.0,,59.0,79.0,,,61.0,83.0,,985.0,,,47467,FORENSIC SCIENCE BM,0.02,0.93,0.49,2.27,2.58,0.17,0.42,1.5,1.02,77.0,52.0,68.0,1300,4635,1981,,Associate,"Black, Non-Hispanic",2,5,91,time.avi,PART-TIME,2.53,3.16,3.56,Other,5,2,5438,Exempt/Passed All,48,3,5,557,12685,11719,AFRICAN AMER ST,AAS,MPA,UNCLASSIFIED,BS,CRIMINOLOGY,No,2544,Yes,SEEK,Part-Time,Graduated,No,2212,0.78,2010,
264002518460,2011-12-24,9160,27,73.0,,,10.0,,47.0,,75.0,,4.0,,,,1.0,,1.0,,,,,,87.0,86.0,78.0,41.0,,40.0,77.0,64.0,62.0,76.0,,,89.0,,,211.0,,698.0,,34204,THEATRE ARTS AS,1.93,1.36,1.4,1.36,1.26,0.3,1.1,1.85,1.21,60.0,47.0,61.0,1508,1093,1640,,Bachelor's,"Black, Non-Hispanic",97,28,76,apply.css,FULL-TIME,2.58,3.25,2.47,Male,1,2,4257,Not Exempt/Passed All,19,31,24,647,3323,17475,SOCIOLOGY/ANTHRO,MUS B,MA,URBAN AND COMMUNITY STUDIES,UNKNOWN,FILM,Yes,4448,No,CD Prong I,Full-Time,Graduated,Yes,1174,1.97,2016,
417236984113,2011-12-24,4358,21,38.0,,,42.0,59.0,91.0,74.0,,2.0,,3.0,3.0,1.0,,1.0,,32.0,,58.0,26.0,,48.0,100.0,31.0,71.0,88.0,99.0,47.0,,18.0,27.0,,50.0,46.0,13.0,,316.0,,,,24055,ENGLISH,2.29,2.17,2.07,3.93,0.26,3.09,1.78,0.17,2.94,73.0,85.0,30.0,1739,1119,401,,Associate,"Black, Non-Hispanic",99,21,68,television.ppt,PART-TIME,2.41,3.8,2.96,Other,2,3,4165,Exempt/Passed All,58,1,26,1954,2479,4091,PHYSICS BA,BS,MS,UNDERGRADUATE-NURSING,BA,STATISTICS,Yes,3108,No,SEEK,Part-Time,Graduated,Yes,1025,0.42,2010,
964724916221,2011-12-24,5494,23,81.0,86.0,,70.0,54.0,56.0,17.0,,,,4.0,,,,4.0,,86.0,,28.0,71.0,93.0,,72.0,41.0,,,,,27.0,33.0,72.0,16.0,2.0,22.0,,75.0,,932.0,,691.0,30193,PSYCHOLOGY (BA),3.41,3.01,2.99,2.29,2.1,0.11,2.63,3.61,0.45,62.0,,67.0,1043,1317,940,,Bachelor's,"Black, Non-Hispanic",18,11,33,scene.avi,FULL-TIME,2.77,3.72,3.91,Female,1,1,6374,Exempt/Passed All,8,34,13,1156,9488,309,GLOL HISTORY BA,B TECH,MS,EARLY CHILDHOOD/EARLY CHILD SPEC ED,,RELIGION,Yes,3543,Yes,,Part-Time,Not Graduated,No,3568,3.28,2016,
220066738237,2011-12-24,6274,21,97.0,,,,58.0,35.0,27.0,68.0,,3.0,,,3.0,1.0,,,,,93.0,,,61.0,,28.0,98.0,,,,,,47.0,99.0,84.0,,,,,,296.0,,38600,COMPUTER SCIENCE BS,3.44,0.31,3.5,1.87,0.39,3.09,2.93,1.38,2.52,24.0,,60.0,2530,1351,839,,Bachelor's,Hispanic,61,8,69,security.bmp,PART-TIME,3.52,3.86,2.13,Female,5,5,5052,Not Exempt/Passed All,78,33,17,1381,737,883,ACCOUNTING/COMPUTER,AS,AAS,SELF DETERMINED STUDIES,BFA,STUDIO ART (24 CREDIT MAJOR),Yes,3196,Yes,CD Prong I,Full-Time,Not Graduated,Yes,3513,1.59,2013,
110636023500,2011-12-24,4818,24,20.0,,,3.0,88.0,,,95.0,3.0,,,1.0,,,4.0,1.0,21.0,86.0,,38.0,78.0,9.0,87.0,30.0,,,44.0,,,81.0,41.0,,5.0,39.0,47.0,60.0,715.0,,,734.0,27890,COMPUTER APPL AND P,1.15,0.26,0.65,2.88,1.52,2.91,1.77,3.46,3.03,21.0,,66.0,1396,4536,1811,,Associate,"Black, Non-Hispanic",41,84,2,in.csv,PART-TIME,3.26,3.39,3.9,Male,2,5,1543,Exempt/Passed All,61,16,10,1009,10993,7808,DANCE AS,B ARCH,MA,APPLIED CHEMISTRY,BPS,HEALTH & NUTRITION SCIENCES,No,1442,Yes,Regular,Part-Time,Graduated,Yes,3548,3.47,2015,
244167221581,2011-12-24,7420,23,90.0,,10.0,,,85.0,13.0,,,1.0,4.0,2.0,4.0,3.0,,,,,71.0,,,,,15.0,26.0,27.0,29.0,17.0,,43.0,,,,,20.0,,,,734.0,,12134,ENGL-CREATIVE WRIT,1.94,1.29,0.07,3.22,1.08,2.53,2.43,3.98,3.92,19.0,,33.0,1983,4971,1671,,Associate,Asian,43,14,97,prevent.html,FULL-TIME,2.02,3.72,2.6,Other,3,4,2481,Exempt/Passed All,57,18,59,408,16411,13807,CHD ED TCH 1-6W/BIL,BE,,ARCHITECTURE,BPS,GRAPHIC DESIGN AND ILLUSTRATION,Yes,1667,No,Regular,Part-Time,Graduated,No,2943,0.83,2013,
853777255788,2011-12-24,2566,28,,,,,,4.0,35.0,18.0,,1.0,,3.0,,,1.0,,,,80.0,83.0,22.0,,,,,77.0,2.0,85.0,,28.0,72.0,,,,,62.0,476.0,705.0,,,32561,LATIN AMER & LATINA,2.23,1.05,2.39,3.85,2.07,3.48,2.23,3.99,3.14,31.0,,47.0,2282,3812,1712,,Bachelor's,Asian,16,48,37,less.png,FULL-TIME,3.2,2.61,3.96,Other,3,4,3707,Not Exempt/Passed All,61,34,26,218,14873,10094,FASHION DESIGN,B TECH,,MHC-NUTRITION AND EXERCISE SCIENCES,BPS,CUNY BACCALAUREATE,No,3898,Yes,SEEK,Full-Time,Graduated,Yes,1907,1.59,2015,
66802225613,2011-12-24,3107,22,,66.0,,78.0,,86.0,,80.0,3.0,3.0,,,,,,,92.0,89.0,,,22.0,,71.0,82.0,,,62.0,,,13.0,19.0,,35.0,37.0,10.0,38.0,239.0,,,799.0,32720,HEALTH INFORMATION,0.88,3.27,0.6,1.22,3.42,3.02,1.46,1.37,3.52,100.0,36.0,,1149,4544,423,,Bachelor's,"White, Non-Hispanic",25,62,5,occur.mp4,PART-TIME,2.33,3.44,2.98,Other,2,3,8579,Exempt/Passed All,30,8,83,428,14714,13791,CONSTRUCT MGT TECH,AAS,MPA,SECRETARIAL STUDIES,BE,SCIENCE FOR FORENSICS,Yes,2467,No,CD Prong I,Full-Time,Not Graduated,No,4789,3.33,2010,
683772092025,2011-12-24,5367,26,100.0,,34.0,,93.0,97.0,,60.0,,4.0,,,2.0,,3.0,3.0,89.0,80.0,,,,84.0,,65.0,45.0,40.0,,34.0,2.0,,95.0,6.0,30.0,69.0,93.0,,750.0,1387.0,551.0,,15568,CRIMINAL JUST PLANN,0.91,2.97,3.86,2.5,0.72,3.25,0.11,0.77,3.52,,96.0,33.0,2293,1375,756,,Bachelor's,Hispanic,35,50,97,arrive.docx,FULL-TIME,2.09,2.68,3.78,Male,4,3,6361,Exempt/Passed All,14,31,75,1437,3724,7662,ANIMATION & MOTION,BA,UNKNOWN,PHYSICS TEACHER,BS,POLICE SCIENCE,No,1752,Yes,,Part-Time,Not Graduated,No,4101,2.52,2014,
450939189016,2011-12-24,8496,24,50.0,,74.0,,,36.0,36.0,60.0,3.0,3.0,3.0,,3.0,2.0,2.0,3.0,,,,,95.0,87.0,48.0,16.0,61.0,,6.0,70.0,4.0,,,,,,,,573.0,1597.0,544.0,,46895,LAW AND SOCIETY BA,3.88,0.23,3.21,3.64,0.77,1.23,0.16,1.19,1.32,88.0,,,2900,2111,1203,,Bachelor's,"White, Non-Hispanic",90,70,84,game.txt,PART-TIME,3.35,3.4,3.77,Female,1,1,9168,Not Exempt/Passed All,1,16,7,166,12942,3662,DENTAL LABORATORY T,BS NURS,MPA,COMPUTER INFO SYS-CRIMINAL JUST&PUB ADMN,BSED,FIRE SCIENCE,No,3952,No,CD Prong I,Full-Time,Not Graduated,No,4572,0.83,2013,
299969260983,2011-12-24,6431,28,,57.0,21.0,29.0,91.0,,41.0,55.0,3.0,3.0,4.0,,,1.0,,4.0,,,66.0,,,,,,,,76.0,78.0,,,,61.0,57.0,,62.0,,,997.0,571.0,419.0,11059,POLITICAL SCIENCE,2.41,0.41,0.57,2.64,1.89,0.73,2.45,2.73,2.78,,58.0,27.0,2215,3034,1389,,Bachelor's,Other,7,35,64,half.doc,FULL-TIME,3.84,2.92,3.16,Other,3,5,6091,Exempt/Passed All,44,10,12,537,2475,6599,SCI LET & SOCIETY,MUS B,AAS,MUSIC (42 CREDIT MAJOR),BBA,NURSING (ONLINE DEGREE),Yes,3839,Yes,CD Bilingual,Full-Time,Not Graduated,Yes,4379,3.02,2015,
585301843883,2011-12-24,8859,29,8.0,69.0,77.0,96.0,70.0,38.0,93.0,43.0,4.0,,1.0,4.0,,3.0,,1.0,,28.0,46.0,,99.0,,,100.0,,64.0,30.0,,,,56.0,,85.0,65.0,,60.0,,1011.0,,397.0,43487,JUSTICE STUDIES BA,1.78,0.67,2.53,2.12,2.69,1.92,0.1,2.0,3.05,19.0,29.0,,3704,2926,1778,,Bachelor's,Other,85,90,51,wide.pdf,PART-TIME,3.19,2.18,2.54,Other,1,3,4389,Exempt/Passed All,6,22,36,1532,12226,13045,GEOLOGY BS,BS,AAS,PHYSICAL THERAPIST ASSISTANT,BBA,AVIATION MGMT,Yes,4054,No,CD Prong I,Part-Time,Graduated,Yes,3404,1.45,2010,
409847237841,2011-12-24,2134,21,,,,,,69.0,35.0,30.0,,,1.0,,,2.0,,,,60.0,90.0,53.0,54.0,69.0,,59.0,24.0,,98.0,,,,68.0,6.0,,81.0,53.0,22.0,,971.0,689.0,,33224,NEW MEDIA TECH,1.96,1.49,0.73,0.08,3.75,3.15,3.83,1.04,0.6,,90.0,30.0,2694,2450,1716,,Associate,Other,55,36,10,age.mp4,PART-TIME,2.71,2.98,2.69,Other,4,1,5077,Exempt/Passed All,61,34,40,1151,8082,9840,ENGL-CREATIVE WRIT,BS NURS,MA,"HISTORY: SOCIAL STUDIES, GRADES 7-",BPS,"PHYSICAL EDUCATION, RECREATION, AND RECR",No,3876,No,,Full-Time,Graduated,Yes,3320,3.56,2010,
786137496619,2011-12-24,5819,23,,99.0,,,,,,,1.0,,,,,,3.0,,,,80.0,70.0,,70.0,,69.0,66.0,14.0,,99.0,,,18.0,30.0,66.0,8.0,48.0,,274.0,1584.0,,239.0,16543,BUS ADMINISTRATION,2.12,0.41,3.81,0.67,0.09,0.19,0.33,2.92,1.55,26.0,58.0,,1581,2981,1930,,Bachelor's,Asian,64,100,47,involve.gif,PART-TIME,3.47,2.58,2.06,Female,3,4,3640,Not Exempt/Passed All,25,22,47,308,13508,2516,CRIMINAL JUSTICE JJ,,,COMPUTER SCIENCE AND INFORMATION SECURIT,B TECH,COMMUNICATION DESIGN,Yes,2187,Yes,Regular,Full-Time,Graduated,No,2307,0.21,2011,
991070600826,2011-12-24,8202,30,,52.0,9.0,55.0,,76.0,,43.0,3.0,4.0,,,,,4.0,,,49.0,6.0,,18.0,76.0,,92.0,,82.0,28.0,98.0,,,,85.0,8.0,92.0,20.0,,,,709.0,,44774,THEATRE ARTS AS,3.16,2.43,2.81,0.51,0.64,3.65,1.22,1.69,2.54,,,,2591,2097,1819,,Associate,Hispanic,39,44,28,nor.webm,PART-TIME,3.04,2.14,3.29,Male,5,1,8347,Not Exempt/Passed All,35,28,51,714,10844,2141,PERM JOHN JAY,B TECH,UNKNOWN,COMPUTER TECHNOLOGY,BSED,FASHION MERCHANDISING,Yes,2480,Yes,SEEK,Part-Time,Graduated,Yes,3556,2.97,2018,
349269022891,2011-12-24,8268,21,,,,,94.0,,,89.0,,,3.0,4.0,,1.0,,,,13.0,29.0,,,10.0,66.0,,98.0,42.0,64.0,,,31.0,13.0,43.0,98.0,73.0,,,,1368.0,,671.0,14051,FILM AND TV STUDIES,2.91,0.19,1.95,3.35,3.19,3.66,3.46,3.83,0.87,,34.0,,3513,3870,137,,Associate,Asian,31,28,95,available.pages,FULL-TIME,3.65,2.11,3.06,Female,2,1,3413,Not Exempt/Passed All,24,4,91,314,4265,14450,DIETS/FOODS/NUTRITN,BSW,MA,LEGAL ASSISTANT STUDIES,BSED,FRAUD EXAMINATION AND FINANCIAL FORENSIC,Yes,1947,Yes,CD Bilingual,Full-Time,Not Graduated,Yes,2501,1.2,2014,
